{
  "project_info": {
    "project_number": "706737174933",
    "project_id": "bovedadecuentos",
    "storage_bucket": "bovedadecuentos.appspot.com"
  },
  "client": [
    {
      "client_info": {
        "mobilesdk_app_id": "1:706737174933:android:20fdd2e021cc9166175e9c",
        "android_client_info": {
          "package_name": "com.example.bvedadecuentos"
        }
      },
      "oauth_client": [
        {
          "client_id": "706737174933-g2vgsok3r3qvp753jrrcpi788i9sgf91.apps.googleusercontent.com",
          "client_type": 3
        }
      ],
      "api_key": [
        {
          "current_key": "AIzaSyAGlrO8fkRMWV6gEQVQfeuz1uKvJITLR9c"
        }
      ],
      "services": {
        "appinvite_service": {
          "other_platform_oauth_client": [
            {
              "client_id": "706737174933-g2vgsok3r3qvp753jrrcpi788i9sgf91.apps.googleusercontent.com",
              "client_type": 3
            }
          ]
        }
      }
    }
  ],
  "configuration_version": "1"
}