{"v":"5.7.1","fr":60,"ip":0,"op":360,"w":1080,"h":1920,"nm":"Comp 1","ddd":0,"assets":[],"layers":[{"ddd":0,"ind":1,"ty":3,"nm":"Null 7","sr":1,"ks":{"o":{"a":0,"k":0,"ix":11},"r":{"a":0,"k":0,"ix":10},"p":{"a":0,"k":[250,559,0],"ix":2},"a":{"a":0,"k":[0,0,0],"ix":1},"s":{"a":0,"k":[380,380,100],"ix":6}},"ao":0,"ip":0,"op":615,"st":0,"bm":0},{"ddd":0,"ind":2,"ty":4,"nm":"Vector_Feather Outlines","parent":4,"sr":1,"ks":{"o":{"a":0,"k":100,"ix":11},"r":{"a":0,"k":-0.325,"ix":10},"p":{"a":0,"k":[78.79,254.258,0],"ix":2},"a":{"a":0,"k":[129.015,270.363,0],"ix":1},"s":{"a":0,"k":[-98.101,97.189,100],"ix":6}},"ao":0,"shapes":[{"ty":"gr","it":[{"ind":0,"ty":"sh","ix":1,"ks":{"a":0,"k":{"i":[[0,0],[-7.012,-23.758],[0,0],[0,0],[-3.358,9.656],[0,0],[0,0],[0,0],[-17.592,-44.865],[0,0]],"o":[[7.875,20.294],[0,0],[0,0],[3.1,-10.179],[0,0],[0,0],[21.284,-60.248],[0,0],[0,0],[0,0]],"v":[[34.093,-12.788],[57.074,54.103],[-0.905,92.538],[-57.074,48.076],[-47.335,18.259],[-13.11,41.578],[-45.922,14.234],[-0.905,-92.538],[32.822,-16.048],[5.67,6.578]],"c":true},"ix":2},"nm":"Path 1","mn":"ADBE Vector Shape - Group","hd":false},{"ty":"fl","c":{"a":0,"k":[0.118000000598,0.294000004787,0.349000010771,1],"ix":4},"o":{"a":0,"k":100,"ix":5},"r":1,"bm":0,"nm":"Fill 1","mn":"ADBE Vector Graphic - Fill","hd":false},{"ty":"tr","p":{"a":0,"k":[124.557,119.878],"ix":2},"a":{"a":0,"k":[0,0],"ix":1},"s":{"a":0,"k":[100,100],"ix":3},"r":{"a":0,"k":0,"ix":6},"o":{"a":0,"k":100,"ix":7},"sk":{"a":0,"k":0,"ix":4},"sa":{"a":0,"k":0,"ix":5},"nm":"Transform"}],"nm":"Group 1","np":2,"cix":2,"bm":0,"ix":1,"mn":"ADBE Vector Group","hd":false},{"ty":"gr","it":[{"ind":0,"ty":"sh","ix":1,"ks":{"a":0,"k":{"i":[[0,0],[0,0],[0,0],[0,0]],"o":[[0,0],[0,0],[0,0],[0,0]],"v":[[-7.396,216.666],[-0.501,-216.667],[0.5,-216.667],[7.396,216.666]],"c":true},"ix":2},"nm":"Path 1","mn":"ADBE Vector Shape - Group","hd":false},{"ty":"fl","c":{"a":0,"k":[0.118000000598,0.294000004787,0.349000010771,1],"ix":4},"o":{"a":0,"k":100,"ix":5},"r":1,"bm":0,"nm":"Fill 1","mn":"ADBE Vector Graphic - Fill","hd":false},{"ty":"tr","p":{"a":0,"k":[123.652,279.897],"ix":2},"a":{"a":0,"k":[0,0],"ix":1},"s":{"a":0,"k":[100,100],"ix":3},"r":{"a":0,"k":0,"ix":6},"o":{"a":0,"k":100,"ix":7},"sk":{"a":0,"k":0,"ix":4},"sa":{"a":0,"k":0,"ix":5},"nm":"Transform"}],"nm":"Group 2","np":2,"cix":2,"bm":0,"ix":2,"mn":"ADBE Vector Group","hd":false},{"ty":"gr","it":[{"ind":0,"ty":"sh","ix":1,"ks":{"a":0,"k":{"i":[[0,0],[0,0],[0.052,0.573],[0,0],[0,0],[5.516,21.534],[0,0],[0,0],[9.801,25.257],[0,0],[0,0],[0,0],[0,0],[-23.078,42.52],[0,0],[0,0],[0,34.496],[0.369,5.702]],"o":[[0,0],[-0.048,-0.571],[0,0],[0,0],[-2.221,-21.014],[0,0],[0,0],[-7.971,-30.006],[0,0],[0,0],[-17.592,-44.866],[0,0],[0,0],[0,0],[0,0],[10.467,-21.702],[0,-5.514],[0,0]],"v":[[0,65.678],[38.018,33.996],[37.865,32.278],[0,58.076],[37.348,26.953],[25.293,-37.439],[-17.102,-8.555],[23.912,-42.734],[-4,-127.195],[-32.423,-107.83],[-5.271,-130.456],[-38.998,-206.945],[-38.998,206.945],[17.251,147.327],[-9.673,165.67],[20.92,140.177],[38.998,56.338],[38.427,39.497]],"c":true},"ix":2},"nm":"Path 1","mn":"ADBE Vector Shape - Group","hd":false},{"ty":"fl","c":{"a":0,"k":[0.243000000598,0.532999973671,0.552999997606,1],"ix":4},"o":{"a":0,"k":100,"ix":5},"r":1,"bm":0,"nm":"Fill 1","mn":"ADBE Vector Graphic - Fill","hd":false},{"ty":"tr","p":{"a":0,"k":[162.65,234.285],"ix":2},"a":{"a":0,"k":[0,0],"ix":1},"s":{"a":0,"k":[100,100],"ix":3},"r":{"a":0,"k":0,"ix":6},"o":{"a":0,"k":100,"ix":7},"sk":{"a":0,"k":0,"ix":4},"sa":{"a":0,"k":0,"ix":5},"nm":"Transform"}],"nm":"Group 3","np":2,"cix":2,"bm":0,"ix":3,"mn":"ADBE Vector Group","hd":false},{"ty":"gr","it":[{"ind":0,"ty":"sh","ix":1,"ks":{"a":0,"k":{"i":[[0,0],[0,0],[0.052,0.573],[0,0],[0,0],[5.516,21.534],[0,0],[0,0],[9.801,25.257],[0,0],[0,0],[0,0],[21.284,-60.248],[0,0],[0,0],[4.248,-40.843],[0,0],[0,0],[0,-7.683],[-10.302,-21.6],[0,0],[0,0],[0,0],[-23.078,42.52],[0,0],[0,0],[0,34.496],[0.369,5.702]],"o":[[0,0],[-0.048,-0.571],[0,0],[0,0],[-2.221,-21.014],[0,0],[0,0],[-7.971,-30.006],[0,0],[0,0],[-17.592,-44.866],[0,0],[0,0],[0,0],[-13.482,38.764],[0,0],[0,0],[-0.703,8.028],[0,34.144],[0,0],[0,0],[23.089,42.916],[0,0],[0,0],[0,0],[10.467,-21.702],[0,-5.514],[0,0]],"v":[[38.998,65.678],[77.016,33.996],[76.863,32.278],[38.998,58.076],[76.346,26.953],[64.291,-37.439],[21.896,-8.555],[62.91,-42.734],[34.998,-127.195],[6.575,-107.83],[33.727,-130.456],[0,-206.945],[-45.017,-100.174],[-12.205,-72.83],[-46.43,-96.149],[-76.401,27.494],[-39.704,58.076],[-76.903,32.732],[-77.996,56.338],[-60.233,139.502],[-28.832,165.67],[-56.543,146.79],[0,206.945],[56.249,147.327],[29.325,165.67],[59.918,140.177],[77.996,56.338],[77.425,39.497]],"c":true},"ix":2},"nm":"Path 1","mn":"ADBE Vector Shape - Group","hd":false},{"ty":"fl","c":{"a":0,"k":[0.243000000598,0.532999973671,0.552999997606,1],"ix":4},"o":{"a":0,"k":100,"ix":5},"r":1,"bm":0,"nm":"Fill 1","mn":"ADBE Vector Graphic - Fill","hd":false},{"ty":"tr","p":{"a":0,"k":[123.652,234.285],"ix":2},"a":{"a":0,"k":[0,0],"ix":1},"s":{"a":0,"k":[100,100],"ix":3},"r":{"a":0,"k":0,"ix":6},"o":{"a":0,"k":100,"ix":7},"sk":{"a":0,"k":0,"ix":4},"sa":{"a":0,"k":0,"ix":5},"nm":"Transform"}],"nm":"Group 4","np":2,"cix":2,"bm":0,"ix":4,"mn":"ADBE Vector Group","hd":false}],"ip":0,"op":615,"st":0,"bm":0},{"ddd":0,"ind":4,"ty":3,"nm":"Vector_Feather Outlines 5","parent":1,"sr":1,"ks":{"o":{"a":0,"k":100,"ix":11},"r":{"a":1,"k":[{"i":{"x":[0.667],"y":[0.805]},"o":{"x":[0.333],"y":[0]},"t":-298,"s":[141.831]},{"i":{"x":[0.434],"y":[1.387]},"o":{"x":[0.536],"y":[0.472]},"t":-139,"s":[252.236]},{"i":{"x":[0.753],"y":[0.741]},"o":{"x":[0.443],"y":[0.378]},"t":-53,"s":[293.431]},{"i":{"x":[0.618],"y":[-8.848]},"o":{"x":[0.397],"y":[-6.808]},"t":0,"s":[275.664]},{"t":57,"s":[276.831]}],"ix":10},"p":{"s":true,"x":{"a":1,"k":[{"i":{"x":[0.629],"y":[1.058]},"o":{"x":[0.497],"y":[-0.159]},"t":-298,"s":[-15.077]},{"i":{"x":[0.575],"y":[0.853]},"o":{"x":[0.377],"y":[0.034]},"t":-139,"s":[49.385]},{"i":{"x":[0.716],"y":[-0.414]},"o":{"x":[0.38],"y":[-1.054]},"t":-53,"s":[-10.166]},{"i":{"x":[0.976],"y":[1]},"o":{"x":[0.618],"y":[0.305]},"t":0,"s":[-5.58]},{"t":57,"s":[44.08]}],"ix":3},"y":{"a":1,"k":[{"i":{"x":[0.451],"y":[0.201]},"o":{"x":[0.013],"y":[0.173]},"t":-298,"s":[-173.285]},{"i":{"x":[0.664],"y":[0.788]},"o":{"x":[0.316],"y":[0.281]},"t":-139,"s":[22.203]},{"i":{"x":[0.698],"y":[0.661]},"o":{"x":[0.354],"y":[0.311]},"t":-53,"s":[195.102]},{"i":{"x":[0.985],"y":[0.881]},"o":{"x":[0.571],"y":[0.455]},"t":0,"s":[271.863]},{"t":57,"s":[388.136]}],"ix":4}},"a":{"a":0,"k":[120,266.5,0],"ix":1},"s":{"a":0,"k":[-3.987,4.177,100],"ix":6}},"ao":0,"ip":-362,"op":91,"st":-362,"bm":0},{"ddd":0,"ind":5,"ty":4,"nm":"Vector_Feather Outlines","parent":7,"sr":1,"ks":{"o":{"a":0,"k":100,"ix":11},"r":{"a":0,"k":-0.24,"ix":10},"p":{"a":0,"k":[118.195,268.162,0],"ix":2},"a":{"a":0,"k":[129.015,270.363,0],"ix":1},"s":{"a":0,"k":[-98.198,97.093,100],"ix":6}},"ao":0,"shapes":[{"ty":"gr","it":[{"ind":0,"ty":"sh","ix":1,"ks":{"a":0,"k":{"i":[[0,0],[-7.012,-23.758],[0,0],[0,0],[-3.358,9.656],[0,0],[0,0],[0,0],[-17.592,-44.865],[0,0]],"o":[[7.875,20.294],[0,0],[0,0],[3.1,-10.179],[0,0],[0,0],[21.284,-60.248],[0,0],[0,0],[0,0]],"v":[[34.093,-12.788],[57.074,54.103],[-0.905,92.538],[-57.074,48.076],[-47.335,18.259],[-13.11,41.578],[-45.922,14.234],[-0.905,-92.538],[32.822,-16.048],[5.67,6.578]],"c":true},"ix":2},"nm":"Path 1","mn":"ADBE Vector Shape - Group","hd":false},{"ty":"fl","c":{"a":0,"k":[0.118000000598,0.294000004787,0.349000010771,1],"ix":4},"o":{"a":0,"k":100,"ix":5},"r":1,"bm":0,"nm":"Fill 1","mn":"ADBE Vector Graphic - Fill","hd":false},{"ty":"tr","p":{"a":0,"k":[124.557,119.878],"ix":2},"a":{"a":0,"k":[0,0],"ix":1},"s":{"a":0,"k":[100,100],"ix":3},"r":{"a":0,"k":0,"ix":6},"o":{"a":0,"k":100,"ix":7},"sk":{"a":0,"k":0,"ix":4},"sa":{"a":0,"k":0,"ix":5},"nm":"Transform"}],"nm":"Group 1","np":2,"cix":2,"bm":0,"ix":1,"mn":"ADBE Vector Group","hd":false},{"ty":"gr","it":[{"ind":0,"ty":"sh","ix":1,"ks":{"a":0,"k":{"i":[[0,0],[0,0],[0,0],[0,0]],"o":[[0,0],[0,0],[0,0],[0,0]],"v":[[-7.396,216.666],[-0.501,-216.667],[0.5,-216.667],[7.396,216.666]],"c":true},"ix":2},"nm":"Path 1","mn":"ADBE Vector Shape - Group","hd":false},{"ty":"fl","c":{"a":0,"k":[0.118000000598,0.294000004787,0.349000010771,1],"ix":4},"o":{"a":0,"k":100,"ix":5},"r":1,"bm":0,"nm":"Fill 1","mn":"ADBE Vector Graphic - Fill","hd":false},{"ty":"tr","p":{"a":0,"k":[123.652,279.897],"ix":2},"a":{"a":0,"k":[0,0],"ix":1},"s":{"a":0,"k":[100,100],"ix":3},"r":{"a":0,"k":0,"ix":6},"o":{"a":0,"k":100,"ix":7},"sk":{"a":0,"k":0,"ix":4},"sa":{"a":0,"k":0,"ix":5},"nm":"Transform"}],"nm":"Group 2","np":2,"cix":2,"bm":0,"ix":2,"mn":"ADBE Vector Group","hd":false},{"ty":"gr","it":[{"ind":0,"ty":"sh","ix":1,"ks":{"a":0,"k":{"i":[[0,0],[0,0],[0.052,0.573],[0,0],[0,0],[5.516,21.534],[0,0],[0,0],[9.801,25.257],[0,0],[0,0],[0,0],[0,0],[-23.078,42.52],[0,0],[0,0],[0,34.496],[0.369,5.702]],"o":[[0,0],[-0.048,-0.571],[0,0],[0,0],[-2.221,-21.014],[0,0],[0,0],[-7.971,-30.006],[0,0],[0,0],[-17.592,-44.866],[0,0],[0,0],[0,0],[0,0],[10.467,-21.702],[0,-5.514],[0,0]],"v":[[0,65.678],[38.018,33.996],[37.865,32.278],[0,58.076],[37.348,26.953],[25.293,-37.439],[-17.102,-8.555],[23.912,-42.734],[-4,-127.195],[-32.423,-107.83],[-5.271,-130.456],[-38.998,-206.945],[-38.998,206.945],[17.251,147.327],[-9.673,165.67],[20.92,140.177],[38.998,56.338],[38.427,39.497]],"c":true},"ix":2},"nm":"Path 1","mn":"ADBE Vector Shape - Group","hd":false},{"ty":"fl","c":{"a":0,"k":[0.243000000598,0.532999973671,0.552999997606,1],"ix":4},"o":{"a":0,"k":100,"ix":5},"r":1,"bm":0,"nm":"Fill 1","mn":"ADBE Vector Graphic - Fill","hd":false},{"ty":"tr","p":{"a":0,"k":[162.65,234.285],"ix":2},"a":{"a":0,"k":[0,0],"ix":1},"s":{"a":0,"k":[100,100],"ix":3},"r":{"a":0,"k":0,"ix":6},"o":{"a":0,"k":100,"ix":7},"sk":{"a":0,"k":0,"ix":4},"sa":{"a":0,"k":0,"ix":5},"nm":"Transform"}],"nm":"Group 3","np":2,"cix":2,"bm":0,"ix":3,"mn":"ADBE Vector Group","hd":false},{"ty":"gr","it":[{"ind":0,"ty":"sh","ix":1,"ks":{"a":0,"k":{"i":[[0,0],[0,0],[0.052,0.573],[0,0],[0,0],[5.516,21.534],[0,0],[0,0],[9.801,25.257],[0,0],[0,0],[0,0],[21.284,-60.248],[0,0],[0,0],[4.248,-40.843],[0,0],[0,0],[0,-7.683],[-10.302,-21.6],[0,0],[0,0],[0,0],[-23.078,42.52],[0,0],[0,0],[0,34.496],[0.369,5.702]],"o":[[0,0],[-0.048,-0.571],[0,0],[0,0],[-2.221,-21.014],[0,0],[0,0],[-7.971,-30.006],[0,0],[0,0],[-17.592,-44.866],[0,0],[0,0],[0,0],[-13.482,38.764],[0,0],[0,0],[-0.703,8.028],[0,34.144],[0,0],[0,0],[23.089,42.916],[0,0],[0,0],[0,0],[10.467,-21.702],[0,-5.514],[0,0]],"v":[[38.998,65.678],[77.016,33.996],[76.863,32.278],[38.998,58.076],[76.346,26.953],[64.291,-37.439],[21.896,-8.555],[62.91,-42.734],[34.998,-127.195],[6.575,-107.83],[33.727,-130.456],[0,-206.945],[-45.017,-100.174],[-12.205,-72.83],[-46.43,-96.149],[-76.401,27.494],[-39.704,58.076],[-76.903,32.732],[-77.996,56.338],[-60.233,139.502],[-28.832,165.67],[-56.543,146.79],[0,206.945],[56.249,147.327],[29.325,165.67],[59.918,140.177],[77.996,56.338],[77.425,39.497]],"c":true},"ix":2},"nm":"Path 1","mn":"ADBE Vector Shape - Group","hd":false},{"ty":"fl","c":{"a":0,"k":[0.243000000598,0.532999973671,0.552999997606,1],"ix":4},"o":{"a":0,"k":100,"ix":5},"r":1,"bm":0,"nm":"Fill 1","mn":"ADBE Vector Graphic - Fill","hd":false},{"ty":"tr","p":{"a":0,"k":[123.652,234.285],"ix":2},"a":{"a":0,"k":[0,0],"ix":1},"s":{"a":0,"k":[100,100],"ix":3},"r":{"a":0,"k":0,"ix":6},"o":{"a":0,"k":100,"ix":7},"sk":{"a":0,"k":0,"ix":4},"sa":{"a":0,"k":0,"ix":5},"nm":"Transform"}],"nm":"Group 4","np":2,"cix":2,"bm":0,"ix":4,"mn":"ADBE Vector Group","hd":false}],"ip":0,"op":615,"st":0,"bm":0},{"ddd":0,"ind":7,"ty":3,"nm":"Vector_Feather Outlines 4","parent":1,"sr":1,"ks":{"o":{"a":0,"k":100,"ix":11},"r":{"a":1,"k":[{"i":{"x":[0.667],"y":[1.544]},"o":{"x":[0.333],"y":[0]},"t":64,"s":[291.831]},{"i":{"x":[0.434],"y":[1.387]},"o":{"x":[0.536],"y":[0.472]},"t":223,"s":[252.236]},{"i":{"x":[0.687],"y":[2.093]},"o":{"x":[0.583],"y":[1.103]},"t":309,"s":[293.431]},{"t":419,"s":[276.831]}],"ix":10},"p":{"s":true,"x":{"a":1,"k":[{"i":{"x":[0.629],"y":[1.058]},"o":{"x":[0.497],"y":[-0.159]},"t":64,"s":[-15.077]},{"i":{"x":[0.575],"y":[0.853]},"o":{"x":[0.377],"y":[0.034]},"t":223,"s":[49.385]},{"i":{"x":[0.982],"y":[1]},"o":{"x":[0.611],"y":[-0.297]},"t":309,"s":[-10.166]},{"t":419,"s":[44.08]}],"ix":3},"y":{"a":1,"k":[{"i":{"x":[0.451],"y":[0.201]},"o":{"x":[0.013],"y":[0.173]},"t":64,"s":[-173.285]},{"i":{"x":[0.664],"y":[0.788]},"o":{"x":[0.316],"y":[0.281]},"t":223,"s":[22.203]},{"i":{"x":[0.988],"y":[0.893]},"o":{"x":[0.517],"y":[0.375]},"t":309,"s":[195.102]},{"t":419,"s":[388.136]}],"ix":4}},"a":{"a":0,"k":[120,266.5,0],"ix":1},"s":{"a":0,"k":[-3.987,4.177,100],"ix":6}},"ao":0,"ip":0,"op":453,"st":0,"bm":0},{"ddd":0,"ind":8,"ty":4,"nm":"Vector_Feather Outlines","parent":10,"sr":1,"ks":{"o":{"a":0,"k":100,"ix":11},"r":{"a":0,"k":2.259,"ix":10},"p":{"a":0,"k":[121.094,270.184,0],"ix":2},"a":{"a":0,"k":[129.015,270.363,0],"ix":1},"s":{"a":0,"k":[-98.839,96.463,100],"ix":6}},"ao":0,"shapes":[{"ty":"gr","it":[{"ind":0,"ty":"sh","ix":1,"ks":{"a":0,"k":{"i":[[0,0],[-7.012,-23.758],[0,0],[0,0],[-3.358,9.656],[0,0],[0,0],[0,0],[-17.592,-44.865],[0,0]],"o":[[7.875,20.294],[0,0],[0,0],[3.1,-10.179],[0,0],[0,0],[21.284,-60.248],[0,0],[0,0],[0,0]],"v":[[34.093,-12.788],[57.074,54.103],[-0.905,92.538],[-57.074,48.076],[-47.335,18.259],[-13.11,41.578],[-45.922,14.234],[-0.905,-92.538],[32.822,-16.048],[5.67,6.578]],"c":true},"ix":2},"nm":"Path 1","mn":"ADBE Vector Shape - Group","hd":false},{"ty":"fl","c":{"a":0,"k":[0.118000000598,0.294000004787,0.349000010771,1],"ix":4},"o":{"a":0,"k":100,"ix":5},"r":1,"bm":0,"nm":"Fill 1","mn":"ADBE Vector Graphic - Fill","hd":false},{"ty":"tr","p":{"a":0,"k":[124.557,119.878],"ix":2},"a":{"a":0,"k":[0,0],"ix":1},"s":{"a":0,"k":[100,100],"ix":3},"r":{"a":0,"k":0,"ix":6},"o":{"a":0,"k":100,"ix":7},"sk":{"a":0,"k":0,"ix":4},"sa":{"a":0,"k":0,"ix":5},"nm":"Transform"}],"nm":"Group 1","np":2,"cix":2,"bm":0,"ix":1,"mn":"ADBE Vector Group","hd":false},{"ty":"gr","it":[{"ind":0,"ty":"sh","ix":1,"ks":{"a":0,"k":{"i":[[0,0],[0,0],[0,0],[0,0]],"o":[[0,0],[0,0],[0,0],[0,0]],"v":[[-7.396,216.666],[-0.501,-216.667],[0.5,-216.667],[7.396,216.666]],"c":true},"ix":2},"nm":"Path 1","mn":"ADBE Vector Shape - Group","hd":false},{"ty":"fl","c":{"a":0,"k":[0.118000000598,0.294000004787,0.349000010771,1],"ix":4},"o":{"a":0,"k":100,"ix":5},"r":1,"bm":0,"nm":"Fill 1","mn":"ADBE Vector Graphic - Fill","hd":false},{"ty":"tr","p":{"a":0,"k":[123.652,279.897],"ix":2},"a":{"a":0,"k":[0,0],"ix":1},"s":{"a":0,"k":[100,100],"ix":3},"r":{"a":0,"k":0,"ix":6},"o":{"a":0,"k":100,"ix":7},"sk":{"a":0,"k":0,"ix":4},"sa":{"a":0,"k":0,"ix":5},"nm":"Transform"}],"nm":"Group 2","np":2,"cix":2,"bm":0,"ix":2,"mn":"ADBE Vector Group","hd":false},{"ty":"gr","it":[{"ind":0,"ty":"sh","ix":1,"ks":{"a":0,"k":{"i":[[0,0],[0,0],[0.052,0.573],[0,0],[0,0],[5.516,21.534],[0,0],[0,0],[9.801,25.257],[0,0],[0,0],[0,0],[0,0],[-23.078,42.52],[0,0],[0,0],[0,34.496],[0.369,5.702]],"o":[[0,0],[-0.048,-0.571],[0,0],[0,0],[-2.221,-21.014],[0,0],[0,0],[-7.971,-30.006],[0,0],[0,0],[-17.592,-44.866],[0,0],[0,0],[0,0],[0,0],[10.467,-21.702],[0,-5.514],[0,0]],"v":[[0,65.678],[38.018,33.996],[37.865,32.278],[0,58.076],[37.348,26.953],[25.293,-37.439],[-17.102,-8.555],[23.912,-42.734],[-4,-127.195],[-32.423,-107.83],[-5.271,-130.456],[-38.998,-206.945],[-38.998,206.945],[17.251,147.327],[-9.673,165.67],[20.92,140.177],[38.998,56.338],[38.427,39.497]],"c":true},"ix":2},"nm":"Path 1","mn":"ADBE Vector Shape - Group","hd":false},{"ty":"fl","c":{"a":0,"k":[0.243000000598,0.532999973671,0.552999997606,1],"ix":4},"o":{"a":0,"k":100,"ix":5},"r":1,"bm":0,"nm":"Fill 1","mn":"ADBE Vector Graphic - Fill","hd":false},{"ty":"tr","p":{"a":0,"k":[162.65,234.285],"ix":2},"a":{"a":0,"k":[0,0],"ix":1},"s":{"a":0,"k":[100,100],"ix":3},"r":{"a":0,"k":0,"ix":6},"o":{"a":0,"k":100,"ix":7},"sk":{"a":0,"k":0,"ix":4},"sa":{"a":0,"k":0,"ix":5},"nm":"Transform"}],"nm":"Group 3","np":2,"cix":2,"bm":0,"ix":3,"mn":"ADBE Vector Group","hd":false},{"ty":"gr","it":[{"ind":0,"ty":"sh","ix":1,"ks":{"a":0,"k":{"i":[[0,0],[0,0],[0.052,0.573],[0,0],[0,0],[5.516,21.534],[0,0],[0,0],[9.801,25.257],[0,0],[0,0],[0,0],[21.284,-60.248],[0,0],[0,0],[4.248,-40.843],[0,0],[0,0],[0,-7.683],[-10.302,-21.6],[0,0],[0,0],[0,0],[-23.078,42.52],[0,0],[0,0],[0,34.496],[0.369,5.702]],"o":[[0,0],[-0.048,-0.571],[0,0],[0,0],[-2.221,-21.014],[0,0],[0,0],[-7.971,-30.006],[0,0],[0,0],[-17.592,-44.866],[0,0],[0,0],[0,0],[-13.482,38.764],[0,0],[0,0],[-0.703,8.028],[0,34.144],[0,0],[0,0],[23.089,42.916],[0,0],[0,0],[0,0],[10.467,-21.702],[0,-5.514],[0,0]],"v":[[38.998,65.678],[77.016,33.996],[76.863,32.278],[38.998,58.076],[76.346,26.953],[64.291,-37.439],[21.896,-8.555],[62.91,-42.734],[34.998,-127.195],[6.575,-107.83],[33.727,-130.456],[0,-206.945],[-45.017,-100.174],[-12.205,-72.83],[-46.43,-96.149],[-76.401,27.494],[-39.704,58.076],[-76.903,32.732],[-77.996,56.338],[-60.233,139.502],[-28.832,165.67],[-56.543,146.79],[0,206.945],[56.249,147.327],[29.325,165.67],[59.918,140.177],[77.996,56.338],[77.425,39.497]],"c":true},"ix":2},"nm":"Path 1","mn":"ADBE Vector Shape - Group","hd":false},{"ty":"fl","c":{"a":0,"k":[0.243000000598,0.532999973671,0.552999997606,1],"ix":4},"o":{"a":0,"k":100,"ix":5},"r":1,"bm":0,"nm":"Fill 1","mn":"ADBE Vector Graphic - Fill","hd":false},{"ty":"tr","p":{"a":0,"k":[123.652,234.285],"ix":2},"a":{"a":0,"k":[0,0],"ix":1},"s":{"a":0,"k":[100,100],"ix":3},"r":{"a":0,"k":0,"ix":6},"o":{"a":0,"k":100,"ix":7},"sk":{"a":0,"k":0,"ix":4},"sa":{"a":0,"k":0,"ix":5},"nm":"Transform"}],"nm":"Group 4","np":2,"cix":2,"bm":0,"ix":4,"mn":"ADBE Vector Group","hd":false}],"ip":0,"op":615,"st":0,"bm":0},{"ddd":0,"ind":10,"ty":3,"nm":"Vector_Feather Outlines 3","parent":1,"sr":1,"ks":{"o":{"a":0,"k":100,"ix":11},"r":{"a":1,"k":[{"i":{"x":[0.667],"y":[0.875]},"o":{"x":[0.333],"y":[0]},"t":48,"s":[141.831]},{"i":{"x":[0.434],"y":[-19.48]},"o":{"x":[0.536],"y":[-24.973]},"t":181,"s":[286.236]},{"i":{"x":[0.687],"y":[1.507]},"o":{"x":[0.583],"y":[0.512]},"t":270,"s":[285.431]},{"t":361,"s":[255.831]}],"ix":10},"p":{"s":true,"x":{"a":1,"k":[{"i":{"x":[0.65],"y":[0.931]},"o":{"x":[0.641],"y":[-0.352]},"t":48,"s":[194.923]},{"i":{"x":[0.702],"y":[0.787]},"o":{"x":[0.356],"y":[-0.055]},"t":181,"s":[132.385]},{"i":{"x":[0.982],"y":[1]},"o":{"x":[0.574],"y":[-0.627]},"t":270,"s":[185.834]},{"t":361,"s":[150.08]}],"ix":3},"y":{"a":1,"k":[{"i":{"x":[0.451],"y":[0.332]},"o":{"x":[0.013],"y":[0.145]},"t":48,"s":[-173.285]},{"i":{"x":[0.664],"y":[0.78]},"o":{"x":[0.316],"y":[0.291]},"t":181,"s":[22.203]},{"i":{"x":[0.988],"y":[0.911]},"o":{"x":[0.517],"y":[0.31]},"t":270,"s":[195.102]},{"t":361,"s":[388.136]}],"ix":4}},"a":{"a":0,"k":[120,266.5,0],"ix":1},"s":{"a":0,"k":[-3.987,4.177,100],"ix":6}},"ao":0,"ip":0,"op":453,"st":0,"bm":0},{"ddd":0,"ind":11,"ty":4,"nm":"Vector_Feather Outlines","parent":13,"sr":1,"ks":{"o":{"a":0,"k":100,"ix":11},"r":{"a":0,"k":0.139,"ix":10},"p":{"a":0,"k":[121.387,275.087,0],"ix":2},"a":{"a":0,"k":[129.015,270.363,0],"ix":1},"s":{"a":0,"k":[-100.839,97.26,100],"ix":6}},"ao":0,"shapes":[{"ty":"gr","it":[{"ind":0,"ty":"sh","ix":1,"ks":{"a":0,"k":{"i":[[0,0],[-7.012,-23.758],[0,0],[0,0],[-3.358,9.656],[0,0],[0,0],[0,0],[-17.592,-44.865],[0,0]],"o":[[7.875,20.294],[0,0],[0,0],[3.1,-10.179],[0,0],[0,0],[21.284,-60.248],[0,0],[0,0],[0,0]],"v":[[34.093,-12.788],[57.074,54.103],[-0.905,92.538],[-57.074,48.076],[-47.335,18.259],[-13.11,41.578],[-45.922,14.234],[-0.905,-92.538],[32.822,-16.048],[5.67,6.578]],"c":true},"ix":2},"nm":"Path 1","mn":"ADBE Vector Shape - Group","hd":false},{"ty":"fl","c":{"a":0,"k":[0.118000000598,0.294000004787,0.349000010771,1],"ix":4},"o":{"a":0,"k":100,"ix":5},"r":1,"bm":0,"nm":"Fill 1","mn":"ADBE Vector Graphic - Fill","hd":false},{"ty":"tr","p":{"a":0,"k":[124.557,119.878],"ix":2},"a":{"a":0,"k":[0,0],"ix":1},"s":{"a":0,"k":[100,100],"ix":3},"r":{"a":0,"k":0,"ix":6},"o":{"a":0,"k":100,"ix":7},"sk":{"a":0,"k":0,"ix":4},"sa":{"a":0,"k":0,"ix":5},"nm":"Transform"}],"nm":"Group 1","np":2,"cix":2,"bm":0,"ix":1,"mn":"ADBE Vector Group","hd":false},{"ty":"gr","it":[{"ind":0,"ty":"sh","ix":1,"ks":{"a":0,"k":{"i":[[0,0],[0,0],[0,0],[0,0]],"o":[[0,0],[0,0],[0,0],[0,0]],"v":[[-7.396,216.666],[-0.501,-216.667],[0.5,-216.667],[7.396,216.666]],"c":true},"ix":2},"nm":"Path 1","mn":"ADBE Vector Shape - Group","hd":false},{"ty":"fl","c":{"a":0,"k":[0.118000000598,0.294000004787,0.349000010771,1],"ix":4},"o":{"a":0,"k":100,"ix":5},"r":1,"bm":0,"nm":"Fill 1","mn":"ADBE Vector Graphic - Fill","hd":false},{"ty":"tr","p":{"a":0,"k":[123.652,279.897],"ix":2},"a":{"a":0,"k":[0,0],"ix":1},"s":{"a":0,"k":[100,100],"ix":3},"r":{"a":0,"k":0,"ix":6},"o":{"a":0,"k":100,"ix":7},"sk":{"a":0,"k":0,"ix":4},"sa":{"a":0,"k":0,"ix":5},"nm":"Transform"}],"nm":"Group 2","np":2,"cix":2,"bm":0,"ix":2,"mn":"ADBE Vector Group","hd":false},{"ty":"gr","it":[{"ind":0,"ty":"sh","ix":1,"ks":{"a":0,"k":{"i":[[0,0],[0,0],[0.052,0.573],[0,0],[0,0],[5.516,21.534],[0,0],[0,0],[9.801,25.257],[0,0],[0,0],[0,0],[0,0],[-23.078,42.52],[0,0],[0,0],[0,34.496],[0.369,5.702]],"o":[[0,0],[-0.048,-0.571],[0,0],[0,0],[-2.221,-21.014],[0,0],[0,0],[-7.971,-30.006],[0,0],[0,0],[-17.592,-44.866],[0,0],[0,0],[0,0],[0,0],[10.467,-21.702],[0,-5.514],[0,0]],"v":[[0,65.678],[38.018,33.996],[37.865,32.278],[0,58.076],[37.348,26.953],[25.293,-37.439],[-17.102,-8.555],[23.912,-42.734],[-4,-127.195],[-32.423,-107.83],[-5.271,-130.456],[-38.998,-206.945],[-38.998,206.945],[17.251,147.327],[-9.673,165.67],[20.92,140.177],[38.998,56.338],[38.427,39.497]],"c":true},"ix":2},"nm":"Path 1","mn":"ADBE Vector Shape - Group","hd":false},{"ty":"fl","c":{"a":0,"k":[0.243000000598,0.532999973671,0.552999997606,1],"ix":4},"o":{"a":0,"k":100,"ix":5},"r":1,"bm":0,"nm":"Fill 1","mn":"ADBE Vector Graphic - Fill","hd":false},{"ty":"tr","p":{"a":0,"k":[162.65,234.285],"ix":2},"a":{"a":0,"k":[0,0],"ix":1},"s":{"a":0,"k":[100,100],"ix":3},"r":{"a":0,"k":0,"ix":6},"o":{"a":0,"k":100,"ix":7},"sk":{"a":0,"k":0,"ix":4},"sa":{"a":0,"k":0,"ix":5},"nm":"Transform"}],"nm":"Group 3","np":2,"cix":2,"bm":0,"ix":3,"mn":"ADBE Vector Group","hd":false},{"ty":"gr","it":[{"ind":0,"ty":"sh","ix":1,"ks":{"a":0,"k":{"i":[[0,0],[0,0],[0.052,0.573],[0,0],[0,0],[5.516,21.534],[0,0],[0,0],[9.801,25.257],[0,0],[0,0],[0,0],[21.284,-60.248],[0,0],[0,0],[4.248,-40.843],[0,0],[0,0],[0,-7.683],[-10.302,-21.6],[0,0],[0,0],[0,0],[-23.078,42.52],[0,0],[0,0],[0,34.496],[0.369,5.702]],"o":[[0,0],[-0.048,-0.571],[0,0],[0,0],[-2.221,-21.014],[0,0],[0,0],[-7.971,-30.006],[0,0],[0,0],[-17.592,-44.866],[0,0],[0,0],[0,0],[-13.482,38.764],[0,0],[0,0],[-0.703,8.028],[0,34.144],[0,0],[0,0],[23.089,42.916],[0,0],[0,0],[0,0],[10.467,-21.702],[0,-5.514],[0,0]],"v":[[38.998,65.678],[77.016,33.996],[76.863,32.278],[38.998,58.076],[76.346,26.953],[64.291,-37.439],[21.896,-8.555],[62.91,-42.734],[34.998,-127.195],[6.575,-107.83],[33.727,-130.456],[0,-206.945],[-45.017,-100.174],[-12.205,-72.83],[-46.43,-96.149],[-76.401,27.494],[-39.704,58.076],[-76.903,32.732],[-77.996,56.338],[-60.233,139.502],[-28.832,165.67],[-56.543,146.79],[0,206.945],[56.249,147.327],[29.325,165.67],[59.918,140.177],[77.996,56.338],[77.425,39.497]],"c":true},"ix":2},"nm":"Path 1","mn":"ADBE Vector Shape - Group","hd":false},{"ty":"fl","c":{"a":0,"k":[0.243000000598,0.532999973671,0.552999997606,1],"ix":4},"o":{"a":0,"k":100,"ix":5},"r":1,"bm":0,"nm":"Fill 1","mn":"ADBE Vector Graphic - Fill","hd":false},{"ty":"tr","p":{"a":0,"k":[123.652,234.285],"ix":2},"a":{"a":0,"k":[0,0],"ix":1},"s":{"a":0,"k":[100,100],"ix":3},"r":{"a":0,"k":0,"ix":6},"o":{"a":0,"k":100,"ix":7},"sk":{"a":0,"k":0,"ix":4},"sa":{"a":0,"k":0,"ix":5},"nm":"Transform"}],"nm":"Group 4","np":2,"cix":2,"bm":0,"ix":4,"mn":"ADBE Vector Group","hd":false}],"ip":0,"op":615,"st":0,"bm":0},{"ddd":0,"ind":13,"ty":3,"nm":"Vector_Feather Outlines 2","parent":1,"sr":1,"ks":{"o":{"a":0,"k":100,"ix":11},"r":{"a":1,"k":[{"i":{"x":[0.667],"y":[1.195]},"o":{"x":[0.333],"y":[0]},"t":32,"s":[314.831]},{"i":{"x":[0.434],"y":[1.32]},"o":{"x":[0.536],"y":[0.39]},"t":145,"s":[236.236]},{"i":{"x":[0.687],"y":[1.557]},"o":{"x":[0.583],"y":[0.563]},"t":230,"s":[285.431]},{"t":330,"s":[255.831]}],"ix":10},"p":{"s":true,"x":{"a":1,"k":[{"i":{"x":[0.744],"y":[1.004]},"o":{"x":[0.571],"y":[-0.058]},"t":32,"s":[-1.92]},{"i":{"x":[0.507],"y":[0.771]},"o":{"x":[0.443],"y":[0.007]},"t":145,"s":[94.555]},{"i":{"x":[0.982],"y":[1]},"o":{"x":[0.577],"y":[-0.313]},"t":230,"s":[24.029]},{"t":330,"s":[95.08]}],"ix":3},"y":{"a":1,"k":[{"i":{"x":[0.47],"y":[0.501]},"o":{"x":[0.012],"y":[0.104]},"t":32,"s":[-184.864]},{"i":{"x":[0.989],"y":[0.914]},"o":{"x":[0.451],"y":[0.411]},"t":145,"s":[28.008]},{"t":330,"s":[388.136]}],"ix":4}},"a":{"a":0,"k":[120,266.5,0],"ix":1},"s":{"a":0,"k":[-7.805,8.177,100],"ix":6}},"ao":0,"ip":0,"op":453,"st":0,"bm":0},{"ddd":0,"ind":14,"ty":4,"nm":"Vector_Feather Outlines","parent":16,"sr":1,"ks":{"o":{"a":0,"k":100,"ix":11},"r":{"a":0,"k":-0.149,"ix":10},"p":{"a":0,"k":[127.234,273.76,0],"ix":2},"a":{"a":0,"k":[129.015,270.363,0],"ix":1},"s":{"a":0,"k":[101.449,97.667,100],"ix":6}},"ao":0,"shapes":[{"ty":"gr","it":[{"ind":0,"ty":"sh","ix":1,"ks":{"a":0,"k":{"i":[[0,0],[-7.012,-23.758],[0,0],[0,0],[-3.358,9.656],[0,0],[0,0],[0,0],[-17.592,-44.865],[0,0]],"o":[[7.875,20.294],[0,0],[0,0],[3.1,-10.179],[0,0],[0,0],[21.284,-60.248],[0,0],[0,0],[0,0]],"v":[[34.093,-12.788],[57.074,54.103],[-0.905,92.538],[-57.074,48.076],[-47.335,18.259],[-13.11,41.578],[-45.922,14.234],[-0.905,-92.538],[32.822,-16.048],[5.67,6.578]],"c":true},"ix":2},"nm":"Path 1","mn":"ADBE Vector Shape - Group","hd":false},{"ty":"fl","c":{"a":0,"k":[0.118000000598,0.294000004787,0.349000010771,1],"ix":4},"o":{"a":0,"k":100,"ix":5},"r":1,"bm":0,"nm":"Fill 1","mn":"ADBE Vector Graphic - Fill","hd":false},{"ty":"tr","p":{"a":0,"k":[124.557,119.878],"ix":2},"a":{"a":0,"k":[0,0],"ix":1},"s":{"a":0,"k":[100,100],"ix":3},"r":{"a":0,"k":0,"ix":6},"o":{"a":0,"k":100,"ix":7},"sk":{"a":0,"k":0,"ix":4},"sa":{"a":0,"k":0,"ix":5},"nm":"Transform"}],"nm":"Group 1","np":2,"cix":2,"bm":0,"ix":1,"mn":"ADBE Vector Group","hd":false},{"ty":"gr","it":[{"ind":0,"ty":"sh","ix":1,"ks":{"a":0,"k":{"i":[[0,0],[0,0],[0,0],[0,0]],"o":[[0,0],[0,0],[0,0],[0,0]],"v":[[-7.396,216.666],[-0.501,-216.667],[0.5,-216.667],[7.396,216.666]],"c":true},"ix":2},"nm":"Path 1","mn":"ADBE Vector Shape - Group","hd":false},{"ty":"fl","c":{"a":0,"k":[0.118000000598,0.294000004787,0.349000010771,1],"ix":4},"o":{"a":0,"k":100,"ix":5},"r":1,"bm":0,"nm":"Fill 1","mn":"ADBE Vector Graphic - Fill","hd":false},{"ty":"tr","p":{"a":0,"k":[123.652,279.897],"ix":2},"a":{"a":0,"k":[0,0],"ix":1},"s":{"a":0,"k":[100,100],"ix":3},"r":{"a":0,"k":0,"ix":6},"o":{"a":0,"k":100,"ix":7},"sk":{"a":0,"k":0,"ix":4},"sa":{"a":0,"k":0,"ix":5},"nm":"Transform"}],"nm":"Group 2","np":2,"cix":2,"bm":0,"ix":2,"mn":"ADBE Vector Group","hd":false},{"ty":"gr","it":[{"ind":0,"ty":"sh","ix":1,"ks":{"a":0,"k":{"i":[[0,0],[0,0],[0.052,0.573],[0,0],[0,0],[5.516,21.534],[0,0],[0,0],[9.801,25.257],[0,0],[0,0],[0,0],[0,0],[-23.078,42.52],[0,0],[0,0],[0,34.496],[0.369,5.702]],"o":[[0,0],[-0.048,-0.571],[0,0],[0,0],[-2.221,-21.014],[0,0],[0,0],[-7.971,-30.006],[0,0],[0,0],[-17.592,-44.866],[0,0],[0,0],[0,0],[0,0],[10.467,-21.702],[0,-5.514],[0,0]],"v":[[0,65.678],[38.018,33.996],[37.865,32.278],[0,58.076],[37.348,26.953],[25.293,-37.439],[-17.102,-8.555],[23.912,-42.734],[-4,-127.195],[-32.423,-107.83],[-5.271,-130.456],[-38.998,-206.945],[-38.998,206.945],[17.251,147.327],[-9.673,165.67],[20.92,140.177],[38.998,56.338],[38.427,39.497]],"c":true},"ix":2},"nm":"Path 1","mn":"ADBE Vector Shape - Group","hd":false},{"ty":"fl","c":{"a":0,"k":[0.243000000598,0.532999973671,0.552999997606,1],"ix":4},"o":{"a":0,"k":100,"ix":5},"r":1,"bm":0,"nm":"Fill 1","mn":"ADBE Vector Graphic - Fill","hd":false},{"ty":"tr","p":{"a":0,"k":[162.65,234.285],"ix":2},"a":{"a":0,"k":[0,0],"ix":1},"s":{"a":0,"k":[100,100],"ix":3},"r":{"a":0,"k":0,"ix":6},"o":{"a":0,"k":100,"ix":7},"sk":{"a":0,"k":0,"ix":4},"sa":{"a":0,"k":0,"ix":5},"nm":"Transform"}],"nm":"Group 3","np":2,"cix":2,"bm":0,"ix":3,"mn":"ADBE Vector Group","hd":false},{"ty":"gr","it":[{"ind":0,"ty":"sh","ix":1,"ks":{"a":0,"k":{"i":[[0,0],[0,0],[0.052,0.573],[0,0],[0,0],[5.516,21.534],[0,0],[0,0],[9.801,25.257],[0,0],[0,0],[0,0],[21.284,-60.248],[0,0],[0,0],[4.248,-40.843],[0,0],[0,0],[0,-7.683],[-10.302,-21.6],[0,0],[0,0],[0,0],[-23.078,42.52],[0,0],[0,0],[0,34.496],[0.369,5.702]],"o":[[0,0],[-0.048,-0.571],[0,0],[0,0],[-2.221,-21.014],[0,0],[0,0],[-7.971,-30.006],[0,0],[0,0],[-17.592,-44.866],[0,0],[0,0],[0,0],[-13.482,38.764],[0,0],[0,0],[-0.703,8.028],[0,34.144],[0,0],[0,0],[23.089,42.916],[0,0],[0,0],[0,0],[10.467,-21.702],[0,-5.514],[0,0]],"v":[[38.998,65.678],[77.016,33.996],[76.863,32.278],[38.998,58.076],[76.346,26.953],[64.291,-37.439],[21.896,-8.555],[62.91,-42.734],[34.998,-127.195],[6.575,-107.83],[33.727,-130.456],[0,-206.945],[-45.017,-100.174],[-12.205,-72.83],[-46.43,-96.149],[-76.401,27.494],[-39.704,58.076],[-76.903,32.732],[-77.996,56.338],[-60.233,139.502],[-28.832,165.67],[-56.543,146.79],[0,206.945],[56.249,147.327],[29.325,165.67],[59.918,140.177],[77.996,56.338],[77.425,39.497]],"c":true},"ix":2},"nm":"Path 1","mn":"ADBE Vector Shape - Group","hd":false},{"ty":"fl","c":{"a":0,"k":[0.243000000598,0.532999973671,0.552999997606,1],"ix":4},"o":{"a":0,"k":100,"ix":5},"r":1,"bm":0,"nm":"Fill 1","mn":"ADBE Vector Graphic - Fill","hd":false},{"ty":"tr","p":{"a":0,"k":[123.652,234.285],"ix":2},"a":{"a":0,"k":[0,0],"ix":1},"s":{"a":0,"k":[100,100],"ix":3},"r":{"a":0,"k":0,"ix":6},"o":{"a":0,"k":100,"ix":7},"sk":{"a":0,"k":0,"ix":4},"sa":{"a":0,"k":0,"ix":5},"nm":"Transform"}],"nm":"Group 4","np":2,"cix":2,"bm":0,"ix":4,"mn":"ADBE Vector Group","hd":false}],"ip":0,"op":615,"st":0,"bm":0},{"ddd":0,"ind":16,"ty":3,"nm":"Vector_Feather Outlines","parent":1,"sr":1,"ks":{"o":{"a":0,"k":100,"ix":11},"r":{"a":1,"k":[{"i":{"x":[0.667],"y":[0.821]},"o":{"x":[0.333],"y":[0]},"t":-0.057,"s":[201.831]},{"i":{"x":[0.434],"y":[0.669]},"o":{"x":[0.536],"y":[-0.404]},"t":124.908,"s":[296.236]},{"i":{"x":[0.687],"y":[0.652]},"o":{"x":[0.583],"y":[-0.351]},"t":215.797,"s":[245.431]},{"t":301,"s":[285.831]}],"ix":10},"p":{"s":true,"x":{"a":1,"k":[{"i":{"x":[0.661],"y":[1]},"o":{"x":[0.624],"y":[-0.607]},"t":-0.057,"s":[95.08]},{"i":{"x":[0.702],"y":[0.924]},"o":{"x":[0.357],"y":[0]},"t":124.908,"s":[24.016]},{"i":{"x":[0.982],"y":[1]},"o":{"x":[0.574],"y":[-0.257]},"t":215.797,"s":[176.676]},{"t":301,"s":[95.08]}],"ix":3},"y":{"a":1,"k":[{"i":{"x":[0.989],"y":[0.906]},"o":{"x":[0.011],"y":[0.094]},"t":-0.057,"s":[-184.864]},{"t":301,"s":[388.136]}],"ix":4}},"a":{"a":0,"k":[120,266.5,0],"ix":1},"s":{"a":0,"k":[11.623,12.177,100],"ix":6}},"ao":0,"ip":0,"op":453,"st":0,"bm":0}],"markers":[]}